year,avgTemp,minTemp,maxTemp,rainFall,holiday,jan,feb,mar,apr,may,jun,jul,aug,sep,oct,nov,dec,result
20180101,-1.3,-5.1,3.8,0,1.2,1,0,0,0,0,0,0,0,0,0,0,0,31558
20180102,-1.8,-4.3,1.8,0,0,1,0,0,0,0,0,0,0,0,0,0,0,9717
20180103,-4.7,-7.1,-0.4,0,0,1,0,0,0,0,0,0,0,0,0,0,0,14646
20180104,-4.7,-8.7,-0.7,0,0,1,0,0,0,0,0,0,0,0,0,0,0,12412
20180105,-3,-5.6,1.6,0,1.1,1,0,0,0,0,0,0,0,0,0,0,0,13372
20180106,-2.8,-6.8,2.9,0,1.2,1,0,0,0,0,0,0,0,0,0,0,0,23759
20180107,-0.8,-5.7,2.8,0,1,1,0,0,0,0,0,0,0,0,0,0,0,22232
20180108,1.3,-1.2,4,0.9,0,1,0,0,0,0,0,0,0,0,0,0,0,5228
20180109,-4.2,-6.1,-1.2,0.5,0,1,0,0,0,0,0,0,0,0,0,0,0,7504
20180110,-7.5,-10.3,-4.8,0.3,0,1,0,0,0,0,0,0,0,0,0,0,0,9481
20180111,-11.1,-13.6,-7.4,0,0,1,0,0,0,0,0,0,0,0,0,0,0,8160
20180112,-10.2,-15.3,-5.4,0,1.1,1,0,0,0,0,0,0,0,0,0,0,0,7870
20180113,-4.4,-6.6,-1.2,0.4,1.2,1,0,0,0,0,0,0,0,0,0,0,0,19343
20180114,0.6,-4.4,5.4,0,1,1,0,0,0,0,0,0,0,0,0,0,0,23825
20180115,4.7,1.8,7.7,0.2,0,1,0,0,0,0,0,0,0,0,0,0,0,5656
20180116,3.5,0.1,6.8,0,0,1,0,0,0,0,0,0,0,0,0,0,0,7442
20180117,4.5,2.4,8.7,0,0,1,0,0,0,0,0,0,0,0,0,0,0,12671
20180118,2.1,0.3,4.5,0,0,1,0,0,0,0,0,0,0,0,0,0,0,12614
20180119,1,-2.5,5.5,0,1.1,1,0,0,0,0,0,0,0,0,0,0,0,14874
20180120,2.2,-1,6.9,0,1.2,1,0,0,0,0,0,0,0,0,0,0,0,28186
20180121,0.4,-3.7,5.5,0,1,1,0,0,0,0,0,0,0,0,0,0,0,26918
20180122,0.2,-5.3,4,3.3,0,1,0,0,0,0,0,0,0,0,0,0,0,5586
20180123,-11.7,-14.6,-5.3,0,0,1,0,0,0,0,0,0,0,0,0,0,0,5271
20180124,-14.2,-16.3,-10.7,0,0,1,0,0,0,0,0,0,0,0,0,0,0,6069
20180125,-14,-16.4,-9.5,0,0,1,0,0,0,0,0,0,0,0,0,0,0,7999
20180126,-14.8,-17.8,-10.7,0,1.1,1,0,0,0,0,0,0,0,0,0,0,0,6908
20180127,-9.9,-15.9,-3.5,0,1.2,1,0,0,0,0,0,0,0,0,0,0,0,15658
20180128,-6.3,-9.3,-1.2,0,1,1,0,0,0,0,0,0,0,0,0,0,0,17145
20180129,-8.5,-11.6,-4.7,0,0,1,0,0,0,0,0,0,0,0,0,0,0,5117
20180130,-5.3,-11.4,-0.8,2.9,0,1,0,0,0,0,0,0,0,0,0,0,0,7214
20180131,-2.6,-5.2,0,0,0,1,0,0,0,0,0,0,0,0,0,0,0,20415
20180201,-4,-8.8,1.2,0,0,0,1,0,0,0,0,0,0,0,0,0,0,11345
20180202,-2.4,-7.6,3.8,0,1.1,0,1,0,0,0,0,0,0,0,0,0,0,12154
20180203,-7.3,-10.4,-2.1,0.5,1.2,0,1,0,0,0,0,0,0,0,0,0,0,17011
20180204,-9.5,-12.8,-5.2,0,1,0,1,0,0,0,0,0,0,0,0,0,0,14165
20180205,-9.4,-11.8,-5.1,0,0,0,1,0,0,0,0,0,0,0,0,0,0,4296
20180206,-10.1,-12.8,-5.8,0,0,0,1,0,0,0,0,0,0,0,0,0,0,5615
20180207,-8,-13.4,-1.6,0,0,0,1,0,0,0,0,0,0,0,0,0,0,9842
20180208,-4.4,-9.7,2,0,0,0,1,0,0,0,0,0,0,0,0,0,0,13462
20180209,0.4,-5.3,6.1,0,1.1,0,1,0,0,0,0,0,0,0,0,0,0,13118
20180210,-0.5,-6.9,3.2,0,1.2,0,1,0,0,0,0,0,0,0,0,0,0,22095
20180211,-6.1,-9.5,-2.2,0,1,0,1,0,0,0,0,0,0,0,0,0,0,18073
20180212,-5.8,-9.6,-1.8,0,0,0,1,0,0,0,0,0,0,0,0,0,0,5445
20180213,-0.8,-7.4,4.3,0,0,0,1,0,0,0,0,0,0,0,0,0,0,8457
20180214,3.5,-0.7,8.7,0,0,0,1,0,0,0,0,0,0,0,0,0,0,11685
20180215,-0.7,-3.7,4,0,1.2,0,1,0,0,0,0,0,0,0,0,0,0,39274
20180216,-1.1,-5.5,4.9,0,1.2,0,1,0,0,0,0,0,0,0,0,0,0,89394
20180217,-3,-7.1,1.4,0,1.2,0,1,0,0,0,0,0,0,0,0,0,0,101258
20180218,-0.4,-4.9,5.2,0,1,0,1,0,0,0,0,0,0,0,0,0,0,52246
20180219,1.8,-1.9,6.8,0,0,0,1,0,0,0,0,0,0,0,0,0,0,11077
20180220,0.9,-2.4,5.5,0,0,0,1,0,0,0,0,0,0,0,0,0,0,12264
20180221,-0.9,-4.5,4.4,0,0,0,1,0,0,0,0,0,0,0,0,0,0,22791
20180222,1.3,-3.9,5.4,0.4,0,0,1,0,0,0,0,0,0,0,0,0,0,19895
20180223,4.2,-0.3,8.6,3.7,1.1,0,1,0,0,0,0,0,0,0,0,0,0,19150
20180224,2.4,-1.1,7.2,0,1.2,0,1,0,0,0,0,0,0,0,0,0,0,35003
20180225,1.9,-1.6,7.9,0,1,0,1,0,0,0,0,0,0,0,0,0,0,35074
20180226,3.1,-3.2,10.4,0,0,0,1,0,0,0,0,0,0,0,0,0,0,8992
20180227,4.2,0.6,6.9,0,0,0,1,0,0,0,0,0,0,0,0,0,0,12410
20180228,4.6,1.8,7.8,25,0,0,1,0,0,0,0,0,0,0,0,0,0,15328
20180301,-0.2,-4.3,3,0.5,1.2,0,0,1,0,0,0,0,0,0,0,0,0,24986
20180302,-0.7,-6.7,5.4,0,1.1,0,0,1,0,0,0,0,0,0,0,0,0,16933
20180303,7.9,-0.1,16.2,0,1.2,0,0,1,0,0,0,0,0,0,0,0,0,45870
20180304,9.8,7.6,11.9,11.5,1,0,0,1,0,0,0,0,0,0,0,0,0,22384
20180305,5.5,1.3,11.4,3.5,0,0,0,1,0,0,0,0,0,0,0,0,0,5311
20180306,4.5,-1.1,10.9,0,0,0,0,1,0,0,0,0,0,0,0,0,0,11799
20180307,6.4,2.2,10.7,0.5,0,0,0,1,0,0,0,0,0,0,0,0,0,16541
20180308,4.6,2.7,9.7,4,0,0,0,1,0,0,0,0,0,0,0,0,0,12486
20180309,4.5,1.4,9.6,0,1.1,0,0,1,0,0,0,0,0,0,0,0,0,17459
20180310,4.6,0.7,9.7,0,1.2,0,0,1,0,0,0,0,0,0,0,0,0,39961
20180311,6.4,2.7,12.2,0,1,0,0,1,0,0,0,0,0,0,0,0,0,41920
20180312,8,2.2,15.5,0,0,0,0,1,0,0,0,0,0,0,0,0,0,8237
20180313,12.4,5.2,18.8,0,0,0,0,1,0,0,0,0,0,0,0,0,0,12892
20180314,17,13.6,22.1,0,0,0,0,1,0,0,0,0,0,0,0,0,0,23461
20180315,12.4,8.4,16.6,27,0,0,0,1,0,0,0,0,0,0,0,0,0,9846
20180316,7.1,3.6,12.2,0,1.1,0,0,1,0,0,0,0,0,0,0,0,0,23343
20180317,6.6,0.5,14,0,1.2,0,0,1,0,0,0,0,0,0,0,0,0,54259
20180318,8.2,5.4,12.5,0.5,1,0,0,1,0,0,0,0,0,0,0,0,0,39430
20180319,8,6.2,10.4,1,0,0,0,1,0,0,0,0,0,0,0,0,0,7198
20180320,4.7,1.6,9.1,0,0,0,0,1,0,0,0,0,0,0,0,0,0,12099
20180321,2.1,1.1,5.3,1,0,0,0,1,0,0,0,0,0,0,0,0,0,14111
20180322,4.9,0.6,11.6,0,0,0,0,1,0,0,0,0,0,0,0,0,0,24037
20180323,6.1,1.8,12.5,0,1.1,0,0,1,0,0,0,0,0,0,0,0,0,23458
20180324,7.6,4,13.1,0,1.2,0,0,1,0,0,0,0,0,0,0,0,0,45221
20180325,9.6,4.6,16.9,0,1,0,0,1,0,0,0,0,0,0,0,0,0,40960
20180326,11,5.3,18.1,0,0,0,0,1,0,0,0,0,0,0,0,0,0,12588
20180327,13.3,7.7,20,0,0,0,0,1,0,0,0,0,0,0,0,0,0,14154
20180328,14,9.4,19,0,0,0,0,1,0,0,0,0,0,0,0,0,0,36130
20180329,15.4,11.8,21.1,0,0,0,0,1,0,0,0,0,0,0,0,0,0,24099
20180330,14.8,9.8,21.9,0,1.1,0,0,1,0,0,0,0,0,0,0,0,0,33658
20180331,14,9.3,20.1,0,1.2,0,0,1,0,0,0,0,0,0,0,0,0,62028
20180401,15.6,11.7,18.5,0,1,0,0,0,1,0,0,0,0,0,0,0,0,49555
20180402,18.4,14.9,23.7,0,0,0,0,0,1,0,0,0,0,0,0,0,0,13317
20180403,17.8,14.9,21.2,0.1,0,0,0,0,1,0,0,0,0,0,0,0,0,26355
20180404,13.4,9.5,18.2,18.5,0,0,0,0,1,0,0,0,0,0,0,0,0,37960
20180405,7.6,6.7,9.5,10.5,0,0,0,0,1,0,0,0,0,0,0,0,0,15954
20180406,5.8,3,8.6,6.5,1.1,0,0,0,1,0,0,0,0,0,0,0,0,33537
20180407,4.2,1.4,8.6,0.2,1.2,0,0,0,1,0,0,0,0,0,0,0,0,54495
20180408,3.9,0.6,7.9,3,1,0,0,0,1,0,0,0,0,0,0,0,0,43200
20180409,7.9,0.1,15.4,0,0,0,0,0,1,0,0,0,0,0,0,0,0,14910
20180410,15.1,6.9,21.9,5,0,0,0,0,1,0,0,0,0,0,0,0,0,25586
20180411,12.6,8.7,17.3,0,0,0,0,0,1,0,0,0,0,0,0,0,0,39544
20180412,13.3,6.8,19.6,0,0,0,0,0,1,0,0,0,0,0,0,0,0,41747
20180413,14.6,8.3,19.3,0,1.1,0,0,0,1,0,0,0,0,0,0,0,0,44051
20180414,9,7.5,14.8,9,1.2,0,0,0,1,0,0,0,0,0,0,0,0,31653
20180415,9.5,5.6,14.2,0,1,0,0,0,1,0,0,0,0,0,0,0,0,60057
20180416,11.6,4.9,18.8,0,0,0,0,0,1,0,0,0,0,0,0,0,0,16591
20180417,12.9,6.8,20.1,0,0,0,0,0,1,0,0,0,0,0,0,0,0,28836
20180418,12.4,6.2,19.3,0,0,0,0,0,1,0,0,0,0,0,0,0,0,43034
20180419,14,7.4,20.5,0,0,0,0,0,1,0,0,0,0,0,0,0,0,35724
20180420,18.4,11,26.3,0,1.1,0,0,0,1,0,0,0,0,0,0,0,0,35508
20180421,18.7,12.3,25.6,0,1.2,0,0,0,1,0,0,0,0,0,0,0,0,64197
20180422,15.5,10.7,21,15.5,1,0,0,0,1,0,0,0,0,0,0,0,0,35321
20180423,9.3,8.4,10.7,59,0,0,0,0,1,0,0,0,0,0,0,0,0,5282
20180424,12.1,8.9,16.1,3,0,0,0,0,1,0,0,0,0,0,0,0,0,26028
20180425,14.6,5.7,23.3,0,0,0,0,0,1,0,0,0,0,0,0,0,0,58232
20180426,14.9,10,22.1,0,0,0,0,0,1,0,0,0,0,0,0,0,0,44428
20180427,15.7,9.7,23.3,0,1.1,0,0,0,1,0,0,0,0,0,0,0,0,41964
20180428,15.4,10.5,21.7,0,1.2,0,0,0,1,0,0,0,0,0,0,0,0,71247
20180429,16.2,9.4,22.9,0,1,0,0,0,1,0,0,0,0,0,0,0,0,73729
20180430,19.2,14.1,25,0,0,0,0,0,1,0,0,0,0,0,0,0,0,30613
20180501,20.4,17.8,23.3,0,0,0,0,0,0,1,0,0,0,0,0,0,0,53088
20180502,15.1,8.7,19.7,12,0,0,0,0,0,1,0,0,0,0,0,0,0,28628
20180503,11.2,6.9,14.7,1,0,0,0,0,0,1,0,0,0,0,0,0,0,37312
20180504,14.1,8.8,20,0,1.1,0,0,0,0,1,0,0,0,0,0,0,0,53217
20180505,18.3,11.6,24.6,0,1.2,0,0,0,0,1,0,0,0,0,0,0,0,105407
20180506,16.6,15,20.7,22,1,0,0,0,0,1,0,0,0,0,0,0,0,61817
20180507,19.2,14,25.5,0,0,0,0,0,0,1,0,0,0,0,0,0,0,60238
20180508,17.5,11.6,22.9,0,0,0,0,0,0,1,0,0,0,0,0,0,0,20429
20180509,15.7,9.2,21.8,0,0,0,0,0,0,1,0,0,0,0,0,0,0,41324
20180510,15.4,11.3,21.4,0,0,0,0,0,0,1,0,0,0,0,0,0,0,37932
20180511,16.1,11.9,21.3,0,1.1,0,0,0,0,1,0,0,0,0,0,0,0,53575
20180512,14.2,11.8,16.1,32,1.2,0,0,0,0,1,0,0,0,0,0,0,0,26196
20180513,15.8,12.7,20,0.5,1,0,0,0,0,1,0,0,0,0,0,0,0,60000
20180514,18.2,11.9,24.5,0,0,0,0,0,0,1,0,0,0,0,0,0,0,15419
20180515,23.2,15.4,29.3,0,0,0,0,0,0,1,0,0,0,0,0,0,0,28090
20180516,22.3,21.8,24.4,45,0,0,0,0,0,1,0,0,0,0,0,0,0,19301
20180517,20.9,18.8,23.5,83,0,0,0,0,0,1,0,0,0,0,0,0,0,23348
20180518,16.3,12.2,19.3,6.5,1.1,0,0,0,0,1,0,0,0,0,0,0,0,32934
20180519,17.6,10.3,24.7,0,1.2,0,0,0,0,1,0,0,0,0,0,0,0,76671
20180520,17,11.5,22.6,0,1,0,0,0,0,1,0,0,0,0,0,0,0,70786
20180521,17.8,11.3,23.7,0,0,0,0,0,0,1,0,0,0,0,0,0,0,21635
20180522,18.1,15.4,23.2,12.5,0,0,0,0,0,1,0,0,0,0,0,0,0,49276
20180523,17.3,13.6,23.3,6.5,0,0,0,0,0,1,0,0,0,0,0,0,0,34785
20180524,18.3,11.2,23.7,0,0,0,0,0,0,1,0,0,0,0,0,0,0,32387
20180525,19.7,13.8,26.2,0,1.1,0,0,0,0,1,0,0,0,0,0,0,0,38842
20180526,21.8,14,29.6,0,1.2,0,0,0,0,1,0,0,0,0,0,0,0,61331
20180527,20.3,17.3,24.7,0,1,0,0,0,0,1,0,0,0,0,0,0,0,55966
20180528,22.3,16.2,29.1,0,0,0,0,0,0,1,0,0,0,0,0,0,0,13927
20180529,21.4,19.1,25.9,1,0,0,0,0,0,1,0,0,0,0,0,0,0,20697
20180530,20.2,15.8,24.7,0,0,0,0,0,0,1,0,0,0,0,0,0,0,44398
20180531,20.9,14.2,27.6,0,0,0,0,0,0,1,0,0,0,0,0,0,0,34603
20180601,23.8,17.5,30.2,0,1.1,0,0,0,0,0,1,0,0,0,0,0,0,36014
20180602,23.4,17.6,30.1,0,1.2,0,0,0,0,0,1,0,0,0,0,0,0,53452
20180603,24,16.9,30.8,0,1,0,0,0,0,0,1,0,0,0,0,0,0,42138
20180604,22.6,18.9,27.5,0,0,0,0,0,0,0,1,0,0,0,0,0,0,10195
20180605,23.7,17.7,29.2,0,0,0,0,0,0,0,1,0,0,0,0,0,0,18616
20180606,23,18.4,27.9,0,0,0,0,0,0,0,1,0,0,0,0,0,0,48284
20180607,22.2,17.8,29.4,0,0,0,0,0,0,0,1,0,0,0,0,0,0,21813
20180608,21.9,18.5,27,0,1.1,0,0,0,0,0,1,0,0,0,0,0,0,27497
20180609,23.7,18.9,30.1,0.5,1.2,0,0,0,0,0,1,0,0,0,0,0,0,46915
20180610,21.3,18.3,24.9,0.5,1,0,0,0,0,0,1,0,0,0,0,0,0,44516
20180611,20.2,18,23.9,5,0,0,0,0,0,0,1,0,0,0,0,0,0,10596
20180612,21.3,16.6,27.1,0,0,0,0,0,0,0,1,0,0,0,0,0,0,20338
20180613,22,18.3,27,0,1.2,0,0,0,0,0,1,0,0,0,0,0,0,44925
20180614,21.6,18.8,25.1,29,0,0,0,0,0,0,1,0,0,0,0,0,0,19964
20180615,21.7,17.2,27,16.5,1.1,0,0,0,0,0,1,0,0,0,0,0,0,29627
20180616,22.5,16.3,28.7,0,1.2,0,0,0,0,0,1,0,0,0,0,0,0,54743
20180617,22.8,18.9,27.5,0,1,0,0,0,0,0,1,0,0,0,0,0,0,54196
20180618,24.8,19.9,30.8,0,0,0,0,0,0,0,1,0,0,0,0,0,0,12662
20180619,22.4,19.1,27.2,0,0,0,0,0,0,0,1,0,0,0,0,0,0,19736
20180620,22.7,19.1,28.4,0,0,0,0,0,0,0,1,0,0,0,0,0,0,33741
20180621,23.7,19.4,28.7,0,0,0,0,0,0,0,1,0,0,0,0,0,0,28557
20180622,25,18.2,32,0,1.1,0,0,0,0,0,1,0,0,0,0,0,0,27577
20180623,24.5,20.9,28.9,0,1.2,0,0,0,0,0,1,0,0,0,0,0,0,52985
20180624,25.2,20.1,32.1,0,1,0,0,0,0,0,1,0,0,0,0,0,0,38413
20180625,27.1,21.3,32.9,0,0,0,0,0,0,0,1,0,0,0,0,0,0,12471
20180626,22.3,20.2,26.9,71.5,0,0,0,0,0,0,1,0,0,0,0,0,0,5202
20180627,22.3,19.1,25.5,1,0,0,0,0,0,0,1,0,0,0,0,0,0,40529
20180628,23.3,20.6,27.3,26.5,0,0,0,0,0,0,1,0,0,0,0,0,0,25778
20180629,24.7,21.9,29.1,6.5,1.1,0,0,0,0,0,1,0,0,0,0,0,0,26727
20180630,24.4,21.6,27.9,14.5,1.2,0,0,0,0,0,1,0,0,0,0,0,0,35760
20180701,21.9,21,22.8,83.5,1,0,0,0,0,0,0,1,0,0,0,0,0,11197
20180702,22.6,20.6,25.3,59.5,0,0,0,0,0,0,0,1,0,0,0,0,0,6985
20180703,27.4,22.5,32.6,0.1,0,0,0,0,0,0,0,1,0,0,0,0,0,13305
20180704,27.3,24,31.8,0,0,0,0,0,0,0,0,1,0,0,0,0,0,21875
20180705,25.3,23.4,29,0.5,0,0,0,0,0,0,0,1,0,0,0,0,0,20631
20180706,23.9,21.5,27.1,0,1.1,0,0,0,0,0,0,1,0,0,0,0,0,25874
20180707,23.7,19.5,29.2,0,1.2,0,0,0,0,0,0,1,0,0,0,0,0,43182
20180708,23.3,17.7,28.1,0,1,0,0,0,0,0,0,1,0,0,0,0,0,41544
20180709,20.8,20.1,24.2,14,0,0,0,0,0,0,0,1,0,0,0,0,0,6520
20180710,23.7,20.4,26.5,16.5,0,0,0,0,0,0,0,1,0,0,0,0,0,12562
20180711,26.8,24.4,29.5,3,0,0,0,0,0,0,0,1,0,0,0,0,0,21494
20180712,26.6,25.1,28.2,1,0,0,0,0,0,0,0,1,0,0,0,0,0,24538
20180713,27.3,24.7,30.9,0,1.1,0,0,0,0,0,0,1,0,0,0,0,0,20989
20180714,27.9,24.6,31.9,0,1.2,0,0,0,0,0,0,1,0,0,0,0,0,33860
20180715,28.3,24.5,33.2,0,1,0,0,0,0,0,0,1,0,0,0,0,0,28742
20180716,28.7,24,34,0,0,0,0,0,0,0,0,1,0,0,0,0,0,10654
20180717,28.1,23.9,32.1,0,0,0,0,0,0,0,0,1,0,0,0,0,0,11422
20180718,28.2,23.7,33.2,0,0,0,0,0,0,0,0,1,0,0,0,0,0,17781
20180719,28.7,23.2,34.1,0,0,0,0,0,0,0,0,1,0,0,0,0,0,16948
20180720,29.5,24.6,34.7,0,1.1,0,0,0,0,0,0,1,0,0,0,0,0,15543
20180721,30.6,24.9,36.9,0,1.2,0,0,0,0,0,0,1,0,0,0,0,0,22885
20180722,31.8,25.3,38,0,1,0,0,0,0,0,0,1,0,0,0,0,0,22906
20180723,31.7,29.2,35.7,0,0,0,0,0,0,0,0,1,0,0,0,0,0,9580
20180724,31.4,27.2,36.8,0,0,0,0,0,0,0,0,1,0,0,0,0,0,8481
20180725,30.1,27.7,34.1,0,0,0,0,0,0,0,0,1,0,0,0,0,0,23091
20180726,30.1,27.3,33.7,0,0,0,0,0,0,0,0,1,0,0,0,0,0,17275
20180727,30.9,27.2,35.4,0,1.1,0,0,0,0,0,0,1,0,0,0,0,0,17415
20180728,29.5,28,35.2,7.5,1.2,0,0,0,0,0,0,1,0,0,0,0,0,26450
20180729,31.3,26.4,36.7,0,1,0,0,0,0,0,0,1,0,0,0,0,0,28172
20180730,31.7,26.2,36.9,0,0,0,0,0,0,0,0,1,0,0,0,0,0,14026
20180731,32.6,27.8,38.3,0,0,0,0,0,0,0,0,1,0,0,0,0,0,12123
20180801,33.6,27.8,39.6,0,0,0,0,0,0,0,0,0,1,0,0,0,0,20049
20180802,33.7,30.3,37.9,0,0,0,0,0,0,0,0,0,1,0,0,0,0,21560
20180803,33.1,30,37.9,0,1.1,0,0,0,0,0,0,0,1,0,0,0,0,21472
20180804,31.1,28,34.9,0,1.2,0,0,0,0,0,0,0,1,0,0,0,0,29969
20180805,30,27.2,33.9,2,1,0,0,0,0,0,0,0,1,0,0,0,0,20744
20180806,30.5,28.3,35.3,6.5,0,0,0,0,0,0,0,0,1,0,0,0,0,9682
20180807,30.5,26.8,35.9,0,0,0,0,0,0,0,0,0,1,0,0,0,0,10995
20180808,31,27.6,35.3,0,0,0,0,0,0,0,0,0,1,0,0,0,0,17947
20180809,28.8,27.1,32.5,2,0,0,0,0,0,0,0,0,1,0,0,0,0,17443
20180810,30.7,25.7,36.8,0,1.1,0,0,0,0,0,0,0,1,0,0,0,0,18617
20180811,31,26.4,36,0,1.2,0,0,0,0,0,0,0,1,0,0,0,0,28205
20180812,30.6,27.2,35.3,5,1,0,0,0,0,0,0,0,1,0,0,0,0,26495
20180813,30.5,26.7,34.4,1,0,0,0,0,0,0,0,0,1,0,0,0,0,11369
20180814,31.7,27.7,37.2,0,0,0,0,0,0,0,0,0,1,0,0,0,0,11914
20180815,31.7,28.3,38,1,1.2,0,0,0,0,0,0,0,1,0,0,0,0,24323
20180816,29.9,24.1,35.6,0,1,0,0,0,0,0,0,0,1,0,0,0,0,18950
20180817,27.2,21.7,33.8,0,1.1,0,0,0,0,0,0,0,1,0,0,0,0,24388
20180818,26.7,21.5,32.1,0,1.2,0,0,0,0,0,0,0,1,0,0,0,0,38242
20180819,28.2,23,34.4,0,1,0,0,0,0,0,0,0,1,0,0,0,0,34253
20180820,29.1,25.1,33.3,0,0,0,0,0,0,0,0,0,1,0,0,0,0,11711
20180821,26.6,23.4,31,5,0,0,0,0,0,0,0,0,1,0,0,0,0,11951
20180822,30.7,23.4,37.6,0,0,0,0,0,0,0,0,0,1,0,0,0,0,19416
20180823,29.4,25.7,32.2,3,0,0,0,0,0,0,0,0,1,0,0,0,0,14920
20180824,24.4,23.2,26.3,7.5,1.1,0,0,0,0,0,0,0,1,0,0,0,0,12638
20180825,25.2,22.7,29.3,0,1.2,0,0,0,0,0,0,0,1,0,0,0,0,42040
20180826,23.2,20.3,29,2,1,0,0,0,0,0,0,0,1,0,0,0,0,32998
20180827,22.7,20.2,24.9,19.5,0,0,0,0,0,0,0,0,1,0,0,0,0,9136
20180828,23.7,22.5,26.1,96.5,0,0,0,0,0,0,0,0,1,0,0,0,0,7646
20180829,25.2,22.7,27.4,42,0,0,0,0,0,0,0,0,1,0,0,0,0,20986
20180830,25.3,23.9,28.2,9.5,0,0,0,0,0,0,0,0,1,0,0,0,0,19753
20180831,25.6,22.8,30.3,0.1,1.1,0,0,0,0,0,0,0,1,0,0,0,0,23265
20180901,25.5,20.8,30.9,0,1.2,0,0,0,0,0,0,0,0,1,0,0,0,41095
20180902,25.1,20.1,29.6,0,1,0,0,0,0,0,0,0,0,1,0,0,0,39753
20180903,23.3,21.4,25.8,34.5,0,0,0,0,0,0,0,0,0,1,0,0,0,8839
20180904,23.2,20,27.8,0,0,0,0,0,0,0,0,0,0,1,0,0,0,16595
20180905,24,19.6,28.5,0,0,0,0,0,0,0,0,0,0,1,0,0,0,27552
20180906,24.1,20.9,28.2,1,0,0,0,0,0,0,0,0,0,1,0,0,0,26397
20180907,22,19.1,25.5,0.5,1.1,0,0,0,0,0,0,0,0,1,0,0,0,27166
20180908,21.7,15.9,27.7,0,1.2,0,0,0,0,0,0,0,0,1,0,0,0,53550
20180909,22.2,15.6,28.9,0,1,0,0,0,0,0,0,0,0,1,0,0,0,46506
20180910,22.9,18.6,28.4,0,0,0,0,0,0,0,0,0,0,1,0,0,0,12498
20180911,21.6,16.8,26.1,0,0,0,0,0,0,0,0,0,0,1,0,0,0,21217
20180912,22.8,16.8,28.2,0,0,0,0,0,0,0,0,0,0,1,0,0,0,31185
20180913,23.5,20.3,28.3,0,0,0,0,0,0,0,0,0,0,1,0,0,0,31591
20180914,23.5,20.3,26.8,0.5,1.1,0,0,0,0,0,0,0,0,1,0,0,0,29383
20180915,23.3,21,26,0.2,1.2,0,0,0,0,0,0,0,0,1,0,0,0,46382
20180916,22.2,21,23.9,2,1,0,0,0,0,0,0,0,0,1,0,0,0,39799
20180917,22.3,18.5,27.7,0.1,0,0,0,0,0,0,0,0,0,1,0,0,0,18033
20180918,22,17.7,26.5,0,0,0,0,0,0,0,0,0,0,1,0,0,0,23780
20180919,22.1,18.9,26.6,0.2,0,0,0,0,0,0,0,0,0,1,0,0,0,36862
20180920,19,17.8,20.1,5,0,0,0,0,0,0,0,0,0,1,0,0,0,24160
20180921,19.4,17.6,21.9,18,1.1,0,0,0,0,0,0,0,0,1,0,0,0,22849
20180922,20.8,17.2,25.5,6.5,1.2,0,0,0,0,0,0,0,0,1,0,0,0,71910
20180923,19.4,15.6,25.3,0,1,0,0,0,0,0,0,0,0,1,0,0,0,90525
20180924,17.6,14.2,22.1,0,0,0,0,0,0,0,0,0,0,1,0,0,0,205331
20180925,17.8,10.8,24.3,0,0,0,0,0,0,0,0,0,0,1,0,0,0,246177
20180926,19.4,16.2,24.8,0,0,0,0,0,0,0,0,0,0,1,0,0,0,169997
20180927,18.9,13.2,25,0,0,0,0,0,0,0,0,0,0,1,0,0,0,31558
20180928,17.5,14.3,22.2,0,1.1,0,0,0,0,0,0,0,0,1,0,0,0,34838
20180929,20.2,14.6,27,0,1.2,0,0,0,0,0,0,0,0,1,0,0,0,66969
20180930,17.6,14,21.6,0,1,0,0,0,0,0,0,0,0,1,0,0,0,51724
20181001,15.4,13,19.7,0,0,0,0,0,0,0,0,0,0,0,1,0,0,12246
20181002,15.9,10.3,22,0,0,0,0,0,0,0,0,0,0,0,1,0,0,23848
20181003,17.3,11.2,24.2,0,1.2,0,0,0,0,0,0,0,0,0,1,0,0,72681
20181004,19.3,13,25.6,0,1.1,0,0,0,0,0,0,0,0,0,1,0,0,36751
20181005,16.9,15.7,19,36.5,1.1,0,0,0,0,0,0,0,0,0,1,0,0,17001
20181006,18,16.3,21.7,55.5,1.2,0,0,0,0,0,0,0,0,0,1,0,0,30466
20181007,16.4,12.3,21.1,0,1,0,0,0,0,0,0,0,0,0,1,0,0,73073
20181008,14.8,9.2,20.9,0,1.1,0,0,0,0,0,0,0,0,0,1,0,0,21233
20181009,15.3,10.7,19.8,0,1.2,0,0,0,0,0,0,0,0,0,1,0,0,84007
20181010,12,7.9,16.7,7,0,0,0,0,0,0,0,0,0,0,1,0,0,31726
20181011,9.7,6.1,13.9,0,0,0,0,0,0,0,0,0,0,0,1,0,0,40920
20181012,10.9,5.2,17.4,0,1.1,0,0,0,0,0,0,0,0,0,1,0,0,43553
20181013,12.5,6.1,19.8,0,1.2,0,0,0,0,0,0,0,0,0,1,0,0,77752
20181014,13.2,6.8,20.3,0,1,0,0,0,0,0,0,0,0,0,1,0,0,67029
20181015,15.2,10.9,21,0,0,0,0,0,0,0,0,0,0,0,1,0,0,17401
20181016,14.5,9.9,20.3,0,0,0,0,0,0,0,0,0,0,0,1,0,0,30301
20181017,12.4,8.4,18.6,0,0,0,0,0,0,0,0,0,0,0,1,0,0,49835
20181018,12.7,7.5,19,0,0,0,0,0,0,0,0,0,0,0,1,0,0,45984
20181019,13.1,7.2,20.4,0,1.1,0,0,0,0,0,0,0,0,0,1,0,0,57720
20181020,13.4,6.9,21.4,0,1.2,0,0,0,0,0,0,0,0,0,1,0,0,91818
20181021,13.4,7.2,21.1,0,1,0,0,0,0,0,0,0,0,0,1,0,0,88038
20181022,14,8.8,20.6,0,0,0,0,0,0,0,0,0,0,0,1,0,0,21207
20181023,12.2,9.8,16.9,5,0,0,0,0,0,0,0,0,0,0,1,0,0,27055
20181024,12.5,7.6,18.7,0,0,0,0,0,0,0,0,0,0,0,1,0,0,61535
20181025,13.8,7,21.2,0,0,0,0,0,0,0,0,0,0,0,1,0,0,60430
20181026,12.2,9.9,14.7,11,1.1,0,0,0,0,0,0,0,0,0,1,0,0,35107
20181027,8.7,6.2,11.6,0,1.2,0,0,0,0,0,0,0,0,0,1,0,0,95600
20181028,8.3,5.2,13.5,5.5,1,0,0,0,0,0,0,0,0,0,1,0,0,58383
20181029,7.2,3.4,11.7,0,0,0,0,0,0,0,0,0,0,0,1,0,0,22079
20181030,6.1,0.7,11.6,0,0,0,0,0,0,0,0,0,0,0,1,0,0,34466
20181031,7.4,3,12.6,0,0,0,0,0,0,0,0,0,0,0,1,0,0,73814
20181101,8.4,2.5,15.2,0,0,0,0,0,0,0,0,0,0,0,0,1,0,50397
20181102,10.6,4,19,0,1.1,0,0,0,0,0,0,0,0,0,0,1,0,60100
20181103,11.2,5,19.1,0,1.2,0,0,0,0,0,0,0,0,0,0,1,0,106697
20181104,11.6,5.3,19.4,0,1,0,0,0,0,0,0,0,0,0,0,1,0,85252
20181105,11.9,6.6,18.3,0,0,0,0,0,0,0,0,0,0,0,0,1,0,19001
20181106,12.2,8,17.5,0,0,0,0,0,0,0,0,0,0,0,0,1,0,29093
20181107,12.8,10.3,15.7,2,0,0,0,0,0,0,0,0,0,0,0,1,0,36831
20181108,11.8,10.5,14.7,64,0,0,0,0,0,0,0,0,0,0,0,1,0,17629
20181109,12.1,9.5,15.4,1,1.1,0,0,0,0,0,0,0,0,0,0,1,0,43498
20181110,11.9,8.8,17.1,0,1.2,0,0,0,0,0,0,0,0,0,0,1,0,71046
20181111,8.1,5.4,10.9,0,1,0,0,0,0,0,0,0,0,0,0,1,0,51563
20181112,8.1,3.1,15.1,0,0,0,0,0,0,0,0,0,0,0,0,1,0,14000
20181113,8.8,4.1,15.4,0,0,0,0,0,0,0,0,0,0,0,0,1,0,28434
20181114,9.8,4.8,16.6,0,0,0,0,0,0,0,0,0,0,0,0,1,0,34799
20181115,9.7,4.7,16.2,0,0,0,0,0,0,0,0,0,0,0,0,1,0,33082
20181116,8.8,4.2,14.5,0,1.1,0,0,0,0,0,0,0,0,0,0,1,0,33017
20181117,4.9,0.6,11.4,0,1.2,0,0,0,0,0,0,0,0,0,0,1,0,56178
20181118,6.1,1.9,10.7,0,1,0,0,0,0,0,0,0,0,0,0,1,0,49610
20181119,6.5,3.3,11.3,0,0,0,0,0,0,0,0,0,0,0,0,1,0,11840
20181120,6.5,0,12.7,0.2,0,0,0,0,0,0,0,0,0,0,0,1,0,18283
20181121,5.8,3.1,8.2,1,0,0,0,0,0,0,0,0,0,0,0,1,0,20778
20181122,2.3,-1.3,7.1,0,0,0,0,0,0,0,0,0,0,0,0,1,0,31500
20181123,1.9,-3.1,7.6,0,1.1,0,0,0,0,0,0,0,0,0,0,1,0,27410
20181124,2.6,0.3,3.8,10.9,1.2,0,0,0,0,0,0,0,0,0,0,1,0,32927
20181125,4.8,1.3,9.8,0,1,0,0,0,0,0,0,0,0,0,0,1,0,37182
20181126,6.3,1.6,13.6,0,0,0,0,0,0,0,0,0,0,0,0,1,0,12142
20181127,7.1,3.1,12.5,0,0,0,0,0,0,0,0,0,0,0,0,1,0,13055
20181128,5,2.1,11.1,0,0,0,0,0,0,0,0,0,0,0,0,1,0,33457
20181129,3.5,0.6,6.7,0,0,0,0,0,0,0,0,0,0,0,0,1,0,20793
20181130,2.7,-1.5,8,0,1.1,0,0,0,0,0,0,0,0,0,0,1,0,22942
20181201,5.5,0.8,12.4,0,1.2,0,0,0,0,0,0,0,0,0,0,0,1,39341
20181202,8.2,2.8,11.8,0,1,0,0,0,0,0,0,0,0,0,0,0,1,33624
20181203,11.5,9.3,13.5,0,0,0,0,0,0,0,0,0,0,0,0,0,1,11039
20181204,6.7,-0.3,11.8,5,0,0,0,0,0,0,0,0,0,0,0,0,1,11218
20181205,0,-4.3,3.4,0,0,0,0,0,0,0,0,0,0,0,0,0,1,18218
20181206,2.4,-1,6.8,0,0,0,0,0,0,0,0,0,0,0,0,0,1,21410
20181207,-7.3,-9.6,-1.1,0,1.1,0,0,0,0,0,0,0,0,0,0,0,1,13594
20181208,-8.3,-11.4,-4.4,0,1.2,0,0,0,0,0,0,0,0,0,0,0,1,24797
20181209,-7.2,-11.8,-2.1,0,1,0,0,0,0,0,0,0,0,0,0,0,1,21868
20181210,-2.5,-8.1,4.6,0,0,0,0,0,0,0,0,0,0,0,0,0,1,10582
20181211,0.2,-2.4,2.9,0,0,0,0,0,0,0,0,0,0,0,0,0,1,12795
20181212,-1.9,-5,2.4,0,0,0,0,0,0,0,0,0,0,0,0,0,1,19624
20181213,-2.2,-5.9,2.1,1.3,0,0,0,0,0,0,0,0,0,0,0,0,1,19296
20181214,-4.4,-7.8,0.6,0,1.1,0,0,0,0,0,0,0,0,0,0,0,1,16920
20181215,-2.4,-7.8,3.2,0,1.2,0,0,0,0,0,0,0,0,0,0,0,1,34005
20181216,0,-2.6,2.1,0.3,1,0,0,0,0,0,0,0,0,0,0,0,1,26291
20181217,1.6,-1.5,5.9,0.3,0,0,0,0,0,0,0,0,0,0,0,0,1,11141
20181218,2.6,-2.8,7.4,0,0,0,0,0,0,0,0,0,0,0,0,0,1,12617
20181219,4,1.3,9.5,0,0,0,0,0,0,0,0,0,0,0,0,0,1,22012
20181220,3.4,-1.1,10.4,0,0,0,0,0,0,0,0,0,0,0,0,0,1,19971
20181221,5.6,0.4,9.8,0,1.1,0,0,0,0,0,0,0,0,0,0,0,1,19589
20181222,6.9,2.9,12.4,0,1.2,0,0,0,0,0,0,0,0,0,0,0,1,35640
20181223,2.4,-3.4,7.5,0,1,0,0,0,0,0,0,0,0,0,0,0,1,35571
20181224,-2.3,-5.9,3.1,0,1.1,0,0,0,0,0,0,0,0,0,0,0,1,13660
20181225,0.6,-4,5.2,0,1.2,0,0,0,0,0,0,0,0,0,0,0,1,30201
20181226,-1.5,-7.1,3,0,0,0,0,0,0,0,0,0,0,0,0,0,1,26962
20181227,-10.1,-12.5,-6.5,0,0,0,0,0,0,0,0,0,0,0,0,0,1,41271
20181228,-10.5,-14.4,-6.6,0,1.1,0,0,0,0,0,0,0,0,0,0,0,1,15482
20181229,-7.6,-10.5,-3,0,1.2,0,0,0,0,0,0,0,0,0,0,0,1,25693
20181230,-6.8,-11.3,-0.9,0,1,0,0,0,0,0,0,0,0,0,0,0,1,29357
20181231,-5.4,-10.5,-0.5,0,0,0,0,0,0,0,0,0,0,0,0,0,1,15276
20190101,-5,-8.2,-0.6,0,1.2,1,0,0,0,0,0,0,0,0,0,0,0,29894
20190102,-4.9,-8.8,0.2,0,0,1,0,0,0,0,0,0,0,0,0,0,0,17133
20190103,-3.5,-8.4,3.2,0,0,1,0,0,0,0,0,0,0,0,0,0,0,17898
20190104,-1.1,-6.2,4.1,0,1.1,1,0,0,0,0,0,0,0,0,0,0,0,17534
20190105,-2.8,-5.5,1.1,0,1.2,1,0,0,0,0,0,0,0,0,0,0,0,27277
20190106,-2.8,-6.3,2.7,0,1,1,0,0,0,0,0,0,0,0,0,0,0,25792
20190107,-1.9,-6.2,3.1,0,0,1,0,0,0,0,0,0,0,0,0,0,0,6905
20190108,-3.5,-7.2,0.5,0,0,1,0,0,0,0,0,0,0,0,0,0,0,9939
20190109,-4.7,-9.4,1.3,0,0,1,0,0,0,0,0,0,0,0,0,0,0,13899
20190110,-0.6,-4.5,3,0,0,1,0,0,0,0,0,0,0,0,0,0,0,16499
20190111,2.4,-0.4,7.2,0,1.1,1,0,0,0,0,0,0,0,0,0,0,0,18875
20190112,2.8,-0.6,8,0,1.2,1,0,0,0,0,0,0,0,0,0,0,0,31602
20190113,1.2,-3,7.6,0,1,1,0,0,0,0,0,0,0,0,0,0,0,27322
20190114,1.4,-2.4,5.3,0,0,1,0,0,0,0,0,0,0,0,0,0,0,6432
20190115,-1.7,-7.2,2.6,0,0,1,0,0,0,0,0,0,0,0,0,0,0,7365
20190116,-5.2,-10.1,-1.1,0,0,1,0,0,0,0,0,0,0,0,0,0,0,15495
20190117,-0.3,-3.2,4,0,0,1,0,0,0,0,0,0,0,0,0,0,0,17222
20190118,0.6,-4.6,6.7,0,1.1,1,0,0,0,0,0,0,0,0,0,0,0,17584
20190119,3.6,0,8.5,0,1.2,1,0,0,0,0,0,0,0,0,0,0,0,31227
20190120,-1.4,-5.5,4,0,1,1,0,0,0,0,0,0,0,0,0,0,0,26585
20190121,-1.2,-6.7,4.2,0,0,1,0,0,0,0,0,0,0,0,0,0,0,8155
20190122,1.7,-3.3,7.1,0,0,1,0,0,0,0,0,0,0,0,0,0,0,13148
20190123,2,-0.8,7,0,0,1,0,0,0,0,0,0,0,0,0,0,0,18760
20190124,0.1,-4.6,6.5,0,0,1,0,0,0,0,0,0,0,0,0,0,0,19968
20190125,-1.2,-3.8,2.6,0,1.1,1,0,0,0,0,0,0,0,0,0,0,0,18568
20190126,-2.5,-6.5,2.4,0,1.2,1,0,0,0,0,0,0,0,0,0,0,0,30547
20190127,-0.1,-6.6,5.1,0,1,1,0,0,0,0,0,0,0,0,0,0,0,30962
20190128,1.2,-2.4,4.5,0,0,1,0,0,0,0,0,0,0,0,0,0,0,8729
20190129,-0.2,-5.6,7,0,0,1,0,0,0,0,0,0,0,0,0,0,0,12288
20190130,1.8,-2.8,6.6,0,0,1,0,0,0,0,0,0,0,0,0,0,0,29684
20190131,-2,-6.2,2.3,0,0,1,0,0,0,0,0,0,0,0,0,0,0,12213
20190201,-2.1,-7.4,2.8,0.3,1.1,0,1,0,0,0,0,0,0,0,0,0,0,12887
20190202,1.4,-3.2,6.1,0,1.2,0,1,0,0,0,0,0,0,0,0,0,0,40518
20190203,3.3,2,4.9,16,1,0,1,0,0,0,0,0,0,0,0,0,0,18833
20190204,-0.6,-3.3,3,0,1.2,0,1,0,0,0,0,0,0,0,0,0,0,70479
20190205,2.8,-3.6,10.1,0,1.2,0,1,0,0,0,0,0,0,0,0,0,0,141658
20190206,5.1,0.1,9.3,0,1.2,0,1,0,0,0,0,0,0,0,0,0,0,105895
20190207,-2.1,-8.2,6.3,0.5,0,0,1,0,0,0,0,0,0,0,0,0,0,17544
20190208,-6.1,-10.2,-1.3,0,1.1,0,1,0,0,0,0,0,0,0,0,0,0,17286
20190209,-5.4,-8.6,-1.9,0,1.2,0,1,0,0,0,0,0,0,0,0,0,0,29810
20190210,-5,-9.1,-1.9,0,1,0,1,0,0,0,0,0,0,0,0,0,0,24445
20190211,-3,-7.5,2,0,0,0,1,0,0,0,0,0,0,0,0,0,0,10367
20190212,-0.6,-4.1,3.7,0,0,0,1,0,0,0,0,0,0,0,0,0,0,11989
20190213,-2.1,-5.7,2.5,0,0,0,1,0,0,0,0,0,0,0,0,0,0,19177
20190214,-0.5,-5.9,6.3,0,0,0,1,0,0,0,0,0,0,0,0,0,0,19144
20190215,-0.8,-2.9,0.9,2.2,1.1,0,1,0,0,0,0,0,0,0,0,0,0,15719
20190216,-2.7,-5.1,1.5,0.2,1.2,0,1,0,0,0,0,0,0,0,0,0,0,33325
20190217,-1.8,-6.8,4.6,0,1,0,1,0,0,0,0,0,0,0,0,0,0,31388
20190218,0.9,-4.7,5.9,0,0,0,1,0,0,0,0,0,0,0,0,0,0,9243
20190219,1.4,0.2,3,4.6,0,0,1,0,0,0,0,0,0,0,0,0,0,10889
20190220,1.7,-0.1,4.5,0,0,0,1,0,0,0,0,0,0,0,0,0,0,18824
20190221,2.4,-2.6,9,0,0,0,1,0,0,0,0,0,0,0,0,0,0,20960
20190222,4,-1.6,10.8,0,1.1,0,1,0,0,0,0,0,0,0,0,0,0,20756
20190223,6.8,0.5,14.5,0,1.2,0,1,0,0,0,0,0,0,0,0,0,0,43722
20190224,6.3,1.2,13.7,0,1,0,1,0,0,0,0,0,0,0,0,0,0,40021
20190225,4.7,1.3,10.2,0,0,0,1,0,0,0,0,0,0,0,0,0,0,8225
20190226,5.2,-1.5,12,0,0,0,1,0,0,0,0,0,0,0,0,0,0,17481
20190227,7.8,4.7,14,0,0,0,1,0,0,0,0,0,0,0,0,0,0,32548
20190228,6.6,2,12.8,0,1.1,0,1,0,0,0,0,0,0,0,0,0,0,22378
20190301,6.6,1.2,13,0,1.2,0,0,1,0,0,0,0,0,0,0,0,0,87746
20190302,7.8,1.3,14.7,0,1.2,0,0,1,0,0,0,0,0,0,0,0,0,51461
20190303,9.4,2.5,16.1,0,1,0,0,1,0,0,0,0,0,0,0,0,0,33019
20190304,9.9,5,16.3,0,0,0,0,1,0,0,0,0,0,0,0,0,0,7465
20190305,8.4,5.6,12.9,0,0,0,0,1,0,0,0,0,0,0,0,0,0,8474
20190306,8.4,5.7,12.4,0,0,0,0,1,0,0,0,0,0,0,0,0,0,13303
20190307,7,3.1,12.7,0,0,0,0,1,0,0,0,0,0,0,0,0,0,20625
20190308,6.1,0.6,13.4,0,1.1,0,0,1,0,0,0,0,0,0,0,0,0,22919
20190309,7.2,-0.4,14.9,0,1.2,0,0,1,0,0,0,0,0,0,0,0,0,48938
20190310,10.1,6.7,15.3,0,1,0,0,1,0,0,0,0,0,0,0,0,0,35846
20190311,6.6,3.5,10,0,0,0,0,1,0,0,0,0,0,0,0,0,0,9229
20190312,3.9,-0.3,7.9,0,0,0,0,1,0,0,0,0,0,0,0,0,0,9091
20190313,3.5,-0.4,8.5,0,0,0,0,1,0,0,0,0,0,0,0,0,0,21805
20190314,5,-1.7,10,0,0,0,0,1,0,0,0,0,0,0,0,0,0,21551
20190315,5.5,1.6,11.3,3.5,1.1,0,0,1,0,0,0,0,0,0,0,0,0,19259
20190316,4.3,0.2,9.2,0,1.2,0,0,1,0,0,0,0,0,0,0,0,0,42661
20190317,6.3,2.6,12.4,0,1,0,0,1,0,0,0,0,0,0,0,0,0,47348
20190318,7.1,1.4,14.4,0,0,0,0,1,0,0,0,0,0,0,0,0,0,12881
20190319,10,3.4,16.7,0,0,0,0,1,0,0,0,0,0,0,0,0,0,19963
20190320,10.3,7.1,14.6,16.5,0,0,0,1,0,0,0,0,0,0,0,0,0,19541
20190321,7.1,1.9,11.1,3.3,0,0,0,1,0,0,0,0,0,0,0,0,0,21801
20190322,3.3,-0.7,8.3,0,1.1,0,0,1,0,0,0,0,0,0,0,0,0,30294
20190323,3.3,-0.4,8.2,1.7,1.2,0,0,1,0,0,0,0,0,0,0,0,0,37526
20190324,4.3,-0.8,9.7,0,1,0,0,1,0,0,0,0,0,0,0,0,0,50581
20190325,7.3,2.9,11.5,0,0,0,0,1,0,0,0,0,0,0,0,0,0,14443
20190326,11.4,7.4,17.6,0,0,0,0,1,0,0,0,0,0,0,0,0,0,21161
20190327,11.6,8.9,16.2,0,0,0,0,1,0,0,0,0,0,0,0,0,0,40081
20190328,9.4,5.6,14.6,0,0,0,0,1,0,0,0,0,0,0,0,0,0,31148
20190329,9.2,5.5,15.1,0,1.1,0,0,1,0,0,0,0,0,0,0,0,0,38710
20190330,5.2,3.5,8.4,0,1.2,0,0,1,0,0,0,0,0,0,0,0,0,36428
20190331,4.4,2.6,8.4,0,1,0,0,1,0,0,0,0,0,0,0,0,0,37702
20190401,5.5,0.3,11.3,0,0,0,0,0,1,0,0,0,0,0,0,0,0,18360
20190402,6.7,1.3,13,0,0,0,0,0,1,0,0,0,0,0,0,0,0,25470
20190403,7.6,1.9,13.6,0,0,0,0,0,1,0,0,0,0,0,0,0,0,42133
20190404,9.2,3,15.7,0,0,0,0,0,1,0,0,0,0,0,0,0,0,41220
20190405,11.4,7,17.2,0,1.1,0,0,0,1,0,0,0,0,0,0,0,0,41761
20190406,9.3,5.9,12.2,0.8,1.2,0,0,0,1,0,0,0,0,0,0,0,0,54545
20190407,12.6,5.6,20.3,0,1,0,0,0,1,0,0,0,0,0,0,0,0,82322
20190408,11.6,7.6,17.2,0,0,0,0,0,1,0,0,0,0,0,0,0,0,18669
20190409,9.2,4.7,13.9,17.4,0,0,0,0,1,0,0,0,0,0,0,0,0,25188
20190410,7.1,4.7,10.2,5.6,0,0,0,0,1,0,0,0,0,0,0,0,0,32575
20190411,9.5,4.3,15.7,0,0,0,0,0,1,0,0,0,0,0,0,0,0,51296
20190412,11.4,5.5,18.4,0,1.1,0,0,0,1,0,0,0,0,0,0,0,0,56650
20190413,11.8,6.2,17.9,0,1.2,0,0,0,1,0,0,0,0,0,0,0,0,94390
20190414,9.6,6.9,13.6,1.7,1,0,0,0,1,0,0,0,0,0,0,0,0,39999
20190415,11.6,3.9,18.1,0,0,0,0,0,1,0,0,0,0,0,0,0,0,24241
20190416,14.9,6.8,22.6,0,0,0,0,0,1,0,0,0,0,0,0,0,0,35363
20190417,15.3,9.1,21.8,0,0,0,0,0,1,0,0,0,0,0,0,0,0,55179
20190418,12.6,10.4,16.2,0,0,0,0,0,1,0,0,0,0,0,0,0,0,41946
20190419,13.8,9.6,19.7,0,1.1,0,0,0,1,0,0,0,0,0,0,0,0,47112
20190420,14.3,9.7,19.1,1.2,1.2,0,0,0,1,0,0,0,0,0,0,0,0,77046
20190421,14.8,12.2,20.2,0.3,1,0,0,0,1,0,0,0,0,0,0,0,0,60783
20190422,19.3,10.7,28.2,0,0,0,0,0,1,0,0,0,0,0,0,0,0,20604
20190423,20.4,15.3,25.5,0,0,0,0,0,1,0,0,0,0,0,0,0,0,29318
20190424,19.5,15.8,25.9,4.1,0,0,0,0,1,0,0,0,0,0,0,0,0,63792
20190425,13.2,9.4,17.2,11.3,0,0,0,0,1,0,0,0,0,0,0,0,0,35150
20190426,8.4,6.2,9.9,4.9,1.1,0,0,0,1,0,0,0,0,0,0,0,0,38514
20190427,11.6,4.1,18.2,0,1.2,0,0,0,1,0,0,0,0,0,0,0,0,91395
20190428,12.9,9.9,16.6,0,1,0,0,0,1,0,0,0,0,0,0,0,0,69731
20190429,13,8.3,17.3,0,0,0,0,0,1,0,0,0,0,0,0,0,0,34389
20190430,15.5,9,22.5,0,0,0,0,0,1,0,0,0,0,0,0,0,0,48875
20190501,16.4,11.2,22.2,0,0,0,0,0,0,1,0,0,0,0,0,0,0,87831
20190502,17.1,10.6,25.3,0,0,0,0,0,0,1,0,0,0,0,0,0,0,58138
20190503,17.9,10.1,26.1,0,1.1,0,0,0,0,1,0,0,0,0,0,0,0,65112
20190504,19.5,12,27.4,0,1.2,0,0,0,0,1,0,0,0,0,0,0,0,79125
20190505,19.2,13.6,26.5,0,1.2,0,0,0,0,1,0,0,0,0,0,0,0,120805
20190506,14.5,9.8,19.8,0,1.2,0,0,0,0,1,0,0,0,0,0,0,0,63899
20190507,15,8.4,21.9,0,0,0,0,0,0,1,0,0,0,0,0,0,0,24828
20190508,15.6,10.1,21.3,0,0,0,0,0,0,1,0,0,0,0,0,0,0,39123
20190509,16.6,11.7,22.9,0,0,0,0,0,0,1,0,0,0,0,0,0,0,43751
20190510,17.8,10.3,26.8,0,1.1,0,0,0,0,1,0,0,0,0,0,0,0,50311
20190511,20.3,13.2,28.3,0,1.2,0,0,0,0,1,0,0,0,0,0,0,0,67561
20190512,21.6,14.7,28.9,0,1.2,0,0,0,0,1,0,0,0,0,0,0,0,57434
20190513,18.7,15.5,22.8,0,0,0,0,0,0,1,0,0,0,0,0,0,0,15421
20190514,19.6,12.9,26.9,0,0,0,0,0,0,1,0,0,0,0,0,0,0,27693
20190515,20.7,14.8,28,0,0,0,0,0,0,1,0,0,0,0,0,0,0,45481
20190516,23.5,16.7,30,0,0,0,0,0,0,1,0,0,0,0,0,0,0,38079
20190517,23.6,17.6,28.3,0,1.1,0,0,0,0,1,0,0,0,0,0,0,0,46947
20190518,22.8,19.1,25.9,0,1.2,0,0,0,0,1,0,0,0,0,0,0,0,70604
20190519,19.4,17.9,21.6,22,1,0,0,0,0,1,0,0,0,0,0,0,0,28936
20190520,16.4,13,20.2,8.7,0,0,0,0,0,1,0,0,0,0,0,0,0,17982
20190521,17.2,11.7,23.8,0,0,0,0,0,0,1,0,0,0,0,0,0,0,31335
20190522,19.5,12.3,26.5,0,0,0,0,0,0,1,0,0,0,0,0,0,0,48029
20190523,22.1,15,29.2,0,0,0,0,0,0,1,0,0,0,0,0,0,0,38269
20190524,24.2,16.2,33.4,0,1.1,0,0,0,0,1,0,0,0,0,0,0,0,42845
20190525,23.4,18.4,28.6,0,1.2,0,0,0,0,1,0,0,0,0,0,0,0,69181
20190526,24.5,18.6,31.1,0,1,0,0,0,0,1,0,0,0,0,0,0,0,56471
20190527,17.8,14.3,22.3,7.1,0,0,0,0,0,1,0,0,0,0,0,0,0,10895
20190528,18.1,11.9,24.6,0,0,0,0,0,0,1,0,0,0,0,0,0,0,27407
20190529,20.3,13.3,26.5,0,0,0,0,0,0,1,0,0,0,0,0,0,0,72074
20190530,19.6,14.6,24.5,0,0,0,0,0,0,1,0,0,0,0,0,0,0,38594
20190531,19.1,16.1,23.3,0,1.1,0,0,0,0,1,0,0,0,0,0,0,0,41930
20190601,18.9,14.8,23.7,0,1.2,0,0,0,0,0,1,0,0,0,0,0,0,65401
20190602,21.1,14.1,27.8,0,1,0,0,0,0,0,1,0,0,0,0,0,0,50822
20190603,23.1,16,29.5,0,0,0,0,0,0,0,1,0,0,0,0,0,0,15644
20190604,22.6,17.6,29,0,0,0,0,0,0,0,1,0,0,0,0,0,0,24350
20190605,23,17.8,29.6,0,1.1,0,0,0,0,0,1,0,0,0,0,0,0,35757
20190606,21.2,18.6,25.1,7.5,1.2,0,0,0,0,0,1,0,0,0,0,0,0,65530
20190607,20,17,24.7,35.3,1.1,0,0,0,0,0,1,0,0,0,0,0,0,31857
20190608,21.9,16,27.6,0,1.2,0,0,0,0,0,1,0,0,0,0,0,0,78753
20190609,21.6,17.1,26.5,2.5,1,0,0,0,0,0,1,0,0,0,0,0,0,46133
20190610,18.4,15.7,21.9,9.5,0,0,0,0,0,0,1,0,0,0,0,0,0,10820
20190611,20.5,15.5,26.1,0,0,0,0,0,0,0,1,0,0,0,0,0,0,24628
20190612,21.5,16.1,26.4,0,0,0,0,0,0,0,1,0,0,0,0,0,0,35686
20190613,23,16.6,28.8,0,0,0,0,0,0,0,1,0,0,0,0,0,0,33113
20190614,23,19.1,28.4,0,1.1,0,0,0,0,0,1,0,0,0,0,0,0,33198
20190615,21.9,17.9,27.4,2.1,1.2,0,0,0,0,0,1,0,0,0,0,0,0,55273
20190616,22,16.1,27.2,0,1,0,0,0,0,0,1,0,0,0,0,0,0,52213
20190617,21.7,18.1,26.2,0,0,0,0,0,0,0,1,0,0,0,0,0,0,11919
20190618,20.8,17,24.8,13.8,0,0,0,0,0,0,1,0,0,0,0,0,0,17030
20190619,21.4,18.9,25.4,0.2,0,0,0,0,0,0,1,0,0,0,0,0,0,33688
20190620,22.7,19.8,27.8,0,0,0,0,0,0,0,1,0,0,0,0,0,0,34941
20190621,22.1,19.4,26.1,0.2,1.1,0,0,0,0,0,1,0,0,0,0,0,0,35064
20190622,24.2,17.7,30.6,0,1.2,0,0,0,0,0,1,0,0,0,0,0,0,58920
20190623,25,19.1,31,0,1,0,0,0,0,0,1,0,0,0,0,0,0,50410
20190624,25.2,20.9,30.9,0,0,0,0,0,0,0,1,0,0,0,0,0,0,14100
20190625,25.6,19.5,32.8,0,0,0,0,0,0,0,1,0,0,0,0,0,0,17636
20190626,25.5,20.7,29.5,0,0,0,0,0,0,0,1,0,0,0,0,0,0,42001
20190627,25.5,21.9,31.2,1.4,0,0,0,0,0,0,1,0,0,0,0,0,0,27080
20190628,24.7,22.3,29,0,1.1,0,0,0,0,0,1,0,0,0,0,0,0,28510
20190629,23.1,19.6,27.7,1.5,1.2,0,0,0,0,0,1,0,0,0,0,0,0,42239
20190630,23.9,20.9,28.5,0,1,0,0,0,0,0,1,0,0,0,0,0,0,43803
20190701,23.9,20.6,28.9,0,0,0,0,0,0,0,0,1,0,0,0,0,0,14106
20190702,24.4,20.8,30.1,0,0,0,0,0,0,0,0,1,0,0,0,0,0,18014
20190703,24.1,21.2,27.4,0,0,0,0,0,0,0,0,1,0,0,0,0,0,27091
20190704,25.4,20,32.8,0,0,0,0,0,0,0,0,1,0,0,0,0,0,25757
20190705,27.6,20.2,35,0,1.1,0,0,0,0,0,0,1,0,0,0,0,0,24699
20190706,29.7,24.6,36.1,0,1.2,0,0,0,0,0,0,1,0,0,0,0,0,36648
20190707,26.7,22.7,32.5,0,1,0,0,0,0,0,0,1,0,0,0,0,0,35305
20190708,25.1,21.2,31,0,0,0,0,0,0,0,0,1,0,0,0,0,0,13760
20190709,25,19.7,30,0,0,0,0,0,0,0,0,1,0,0,0,0,0,17309
20190710,22.7,19.3,27.3,8.5,0,0,0,0,0,0,0,1,0,0,0,0,0,26228
20190711,21.9,19.5,25.9,2.9,0,0,0,0,0,0,0,1,0,0,0,0,0,25688
20190712,23.6,20,28.7,0,1.1,0,0,0,0,0,0,1,0,0,0,0,0,30109
20190713,24.9,22.1,29.7,0,1.2,0,0,0,0,0,0,1,0,0,0,0,0,45900
20190714,25.9,21.2,31.6,0,1,0,0,0,0,0,0,1,0,0,0,0,0,39173
20190715,23.8,22.1,27.4,7.7,0,0,0,0,0,0,0,1,0,0,0,0,0,10707
20190716,24.7,21.4,28.8,6.3,0,0,0,0,0,0,0,1,0,0,0,0,0,15967
20190717,25.6,22.3,29.2,0.7,0,0,0,0,0,0,0,1,0,0,0,0,0,26191
20190718,26.9,23.3,32.1,0,0,0,0,0,0,0,0,1,0,0,0,0,0,24427
20190719,28.6,22.8,35,0,1.1,0,0,0,0,0,0,1,0,0,0,0,0,20419
20190720,28,25.1,31.9,1.1,1.2,0,0,0,0,0,0,1,0,0,0,0,0,34654
20190721,25.1,24.2,27,6.2,1,0,0,0,0,0,0,1,0,0,0,0,0,30644
20190722,26.7,24.2,31,0.1,0,0,0,0,0,0,0,1,0,0,0,0,0,15037
20190723,28.1,24.4,32.9,0,0,0,0,0,0,0,0,1,0,0,0,0,0,15730
20190724,26.5,25.2,27.2,1,0,0,0,0,0,0,0,1,0,0,0,0,0,23132
20190725,26.3,25.6,27.4,9.7,0,0,0,0,0,0,0,1,0,0,0,0,0,19006
20190726,25.1,23.7,25.9,60,1.1,0,0,0,0,0,0,1,0,0,0,0,0,16320
20190727,28.4,24.9,33.4,0.6,1.2,0,0,0,0,0,0,1,0,0,0,0,0,37706
20190728,26.1,25,28.2,25.6,1,0,0,0,0,0,0,1,0,0,0,0,0,24712
20190729,27.5,25.6,30,0.5,0,0,0,0,0,0,0,1,0,0,0,0,0,20071
20190730,28.1,26.3,30.8,1.2,0,0,0,0,0,0,0,1,0,0,0,0,0,18570
20190731,25.8,24,27.5,62.3,0,0,0,0,0,0,0,1,0,0,0,0,0,31959
20190801,26.3,23.5,30.1,26.9,0,0,0,0,0,0,0,0,1,0,0,0,0,35677
20190802,28.4,24.7,33.1,0,1.1,0,0,0,0,0,0,0,1,0,0,0,0,34504
20190803,29.4,25.6,36,3,1.2,0,0,0,0,0,0,0,1,0,0,0,0,37132
20190804,28.3,25,34.4,8.6,1,0,0,0,0,0,0,0,1,0,0,0,0,27345
20190805,30.5,25.6,35.9,0,0,0,0,0,0,0,0,0,1,0,0,0,0,13223
20190806,31.6,27.9,36.8,0,0,0,0,0,0,0,0,0,1,0,0,0,0,13004
20190807,26.9,23.9,30.3,8,0,0,0,0,0,0,0,0,1,0,0,0,0,24332
20190808,28.9,25.9,32.7,0,0,0,0,0,0,0,0,0,1,0,0,0,0,25654
20190809,29.8,26,34.6,0,1.1,0,0,0,0,0,0,0,1,0,0,0,0,23373
20190810,31.5,26.6,36.5,0,1.2,0,0,0,0,0,0,0,1,0,0,0,0,39575
20190811,30.4,26.3,35.7,6.7,1,0,0,0,0,0,0,0,1,0,0,0,0,36187
20190812,26.6,24.8,28.5,56.2,0,0,0,0,0,0,0,0,1,0,0,0,0,10576
20190813,29.2,25.1,35.3,6.4,0,0,0,0,0,0,0,0,1,0,0,0,0,20354
20190814,30.4,25.9,35.7,0,1.1,0,0,0,0,0,0,0,1,0,0,0,0,34455
20190815,25.9,23.9,28.6,16.2,1.2,0,0,0,0,0,0,0,1,0,0,0,0,42941
20190816,25.9,23,29.5,0.1,1.1,0,0,0,0,0,0,0,1,0,0,0,0,39576
20190817,25.9,23.4,28.8,0,1.2,0,0,0,0,0,0,0,1,0,0,0,0,58916
20190818,25.6,22.6,30.7,0,1,0,0,0,0,0,0,0,1,0,0,0,0,53703
20190819,26.3,21.2,31.3,0,0,0,0,0,0,0,0,0,1,0,0,0,0,17389
20190820,28.2,23.2,32.8,0,0,0,0,0,0,0,0,0,1,0,0,0,0,26199
20190821,27,24.4,30.4,1.3,0,0,0,0,0,0,0,0,1,0,0,0,0,36937
20190822,26.9,23,31.4,0,0,0,0,0,0,0,0,0,1,0,0,0,0,34036
20190823,26.2,22.7,30.5,0,1.1,0,0,0,0,0,0,0,1,0,0,0,0,40802
20190824,24.1,21.5,27.3,0,1.2,0,0,0,0,0,0,0,1,0,0,0,0,71824
20190825,25,20.2,29.9,0,1,0,0,0,0,0,0,0,1,0,0,0,0,64450
20190826,26.4,21.5,32.1,0,0,0,0,0,0,0,0,0,1,0,0,0,0,12355
20190827,25.7,22.2,29.3,20,0,0,0,0,0,0,0,0,1,0,0,0,0,20294
20190828,26.1,23.6,30.2,0,0,0,0,0,0,0,0,0,1,0,0,0,0,39660
20190829,23.4,20.1,26.4,36.9,0,0,0,0,0,0,0,0,1,0,0,0,0,17596
20190830,22.6,19.5,27,0.2,1.1,0,0,0,0,0,0,0,1,0,0,0,0,29090
20190831,23.5,18.5,28.9,0,1.2,0,0,0,0,0,0,0,1,0,0,0,0,49183
20190901,23.7,19.2,27.8,0,1,0,0,0,0,0,0,0,0,1,0,0,0,43067
20190902,24.4,19.4,29.7,0,0,0,0,0,0,0,0,0,0,1,0,0,0,11109
20190903,24.1,22,28,0,0,0,0,0,0,0,0,0,0,1,0,0,0,17828
20190904,22.8,21.2,25.5,22.7,0,0,0,0,0,0,0,0,0,1,0,0,0,16288
20190905,23,21.5,27.6,36.4,0,0,0,0,0,0,0,0,0,1,0,0,0,16065
20190906,25.3,21.6,29.1,2.4,1.1,0,0,0,0,0,0,0,0,1,0,0,0,24026
20190907,25.7,22.6,29.5,2.8,1.2,0,0,0,0,0,0,0,0,1,0,0,0,1688
20190908,24.7,22.9,27.3,0,1,0,0,0,0,0,0,0,0,1,0,0,0,34039
20190909,25.1,22.4,28,0,0,0,0,0,0,0,0,0,0,1,0,0,0,11400
20190910,23.8,22.1,26.5,63.2,0,0,0,0,0,0,0,0,0,1,0,0,0,8932
20190911,24.3,20.4,28.7,7.6,1.1,0,0,0,0,0,0,0,0,1,0,0,0,25416
20190912,21,18.7,22.9,3.9,1.2,0,0,0,0,0,0,0,0,1,0,0,0,76435
20190913,23.3,18.3,29.3,0.1,1.2,0,0,0,0,0,0,0,0,1,0,0,0,265218
20190914,22.4,20.8,24.1,0.3,1.2,0,0,0,0,0,0,0,0,1,0,0,0,185679
20190915,24.2,19.5,30,0,1.2,0,0,0,0,0,0,0,0,1,0,0,0,127387
20190916,24.5,20.7,30.5,0,0,0,0,0,0,0,0,0,0,1,0,0,0,10894
20190917,23.5,18,29,0,0,0,0,0,0,0,0,0,0,1,0,0,0,23143
20190918,21,16,25.4,0,0,0,0,0,0,0,0,0,0,1,0,0,0,40416
20190919,19.5,13.6,26,0,0,0,0,0,0,0,0,0,0,1,0,0,0,39580
20190920,19.6,15.8,24.2,0,1.1,0,0,0,0,0,0,0,0,1,0,0,0,40720
20190921,19.6,18.3,22.1,0,1.2,0,0,0,0,0,0,0,0,1,0,0,0,62427
20190922,18.6,17.3,19.6,0.4,1,0,0,0,0,0,0,0,0,1,0,0,0,31281
20190923,20,16.9,24.6,0,0,0,0,0,0,0,0,0,0,1,0,0,0,18307
20190924,19.8,13.9,26.5,0,0,0,0,0,0,0,0,0,0,1,0,0,0,28156
20190925,20.9,14.8,27.4,0,0,0,0,0,0,0,0,0,0,1,0,0,0,60993
20190926,22.9,17.7,29,0,0,0,0,0,0,0,0,0,0,1,0,0,0,41548
20190927,22.9,19.6,27,0,1.1,0,0,0,0,0,0,0,0,1,0,0,0,46451
20190928,23.7,19.4,29.2,0,1.2,0,0,0,0,0,0,0,0,1,0,0,0,66935
20190929,22.6,17.9,28.6,0,1,0,0,0,0,0,0,0,0,1,0,0,0,58366
20190930,22.4,16.4,29.9,0,0,0,0,0,0,0,0,0,0,1,0,0,0,21809
20191001,23.1,17.6,28.2,0,0,0,0,0,0,0,0,0,0,0,1,0,0,26760
20191002,21.6,20,24.2,23.1,1.1,0,0,0,0,0,0,0,0,0,1,0,0,34982
20191003,22.4,19.8,27.3,4.6,1.2,0,0,0,0,0,0,0,0,0,1,0,0,64710
20191004,22.4,18,27.8,0,1.2,0,0,0,0,0,0,0,0,0,1,0,0,60555
20191005,18.7,14.7,21.9,0.6,1.2,0,0,0,0,0,0,0,0,0,1,0,0,69940
20191006,18.1,13.2,22.7,0,1,0,0,0,0,0,0,0,0,0,1,0,0,61073
20191007,14.8,13.3,17.9,25.4,0,0,0,0,0,0,0,0,0,0,1,0,0,6731
20191008,14.7,10.6,19.8,0,1.1,0,0,0,0,0,0,0,0,0,1,0,0,32176
20191009,13.6,7.7,20.4,0,1.2,0,0,0,0,0,0,0,0,0,1,0,0,81784
20191010,15.2,10.7,19.8,0,1.1,0,0,0,0,0,0,0,0,0,1,0,0,43061
20191011,18.8,13,26.1,0,1.1,0,0,0,0,0,0,0,0,0,1,0,0,47977
20191012,17.9,13.3,23.3,0,1.2,0,0,0,0,0,0,0,0,0,1,0,0,75121
20191013,17.2,12.1,23.8,0,1,0,0,0,0,0,0,0,0,0,1,0,0,73539
20191014,14.4,9.5,19.6,0,0,0,0,0,0,0,0,0,0,0,1,0,0,16867
20191015,14.5,8.8,20.4,0,0,0,0,0,0,0,0,0,0,0,1,0,0,35424
20191016,14.6,9,20.8,0,0,0,0,0,0,0,0,0,0,0,1,0,0,52135
20191017,15.4,11.2,21.6,0,0,0,0,0,0,0,0,0,0,0,1,0,0,51180
20191018,17,12,22.7,0,1.1,0,0,0,0,0,0,0,0,0,1,0,0,58546
20191019,17,12.1,23.1,0,1.2,0,0,0,0,0,0,0,0,0,1,0,0,83986
20191020,16.5,12,22.9,0,1,0,0,0,0,0,0,0,0,0,1,0,0,74801
20191021,17.1,10.9,24.6,0,0,0,0,0,0,0,0,0,0,0,1,0,0,20793
20191022,18.1,13.3,24.4,0,0,0,0,0,0,0,0,0,0,0,1,0,0,38471
20191023,17,14.3,20.7,0,0,0,0,0,0,0,0,0,0,0,1,0,0,55515
20191024,18.3,15.3,23.8,0,0,0,0,0,0,0,0,0,0,0,1,0,0,58328
20191025,16.7,13.1,22,0,1.1,0,0,0,0,0,0,0,0,0,1,0,0,71014
20191026,10,6.6,14.9,0,1.2,0,0,0,0,0,0,0,0,0,1,0,0,105591
20191027,11,4.7,17.4,0,1,0,0,0,0,0,0,0,0,0,1,0,0,89086
20191028,12.9,7.4,17.7,1.7,0,0,0,0,0,0,0,0,0,0,1,0,0,20938
20191029,12.5,8.2,17.6,0.1,0,0,0,0,0,0,0,0,0,0,1,0,0,38390
20191030,11.2,5,17.7,0,0,0,0,0,0,0,0,0,0,0,1,0,0,86860
20191031,14.8,8.4,19.7,0,0,0,0,0,0,0,0,0,0,0,1,0,0,56767
20191101,14.9,11.4,20.5,0,1.1,0,0,0,0,0,0,0,0,0,0,1,0,52821
20191102,13.6,8.3,18.7,0,1.2,0,0,0,0,0,0,0,0,0,0,1,0,95852
20191103,14.7,9.4,22.1,0,1,0,0,0,0,0,0,0,0,0,0,1,0,83201
20191104,13.8,9.2,20.3,0,0,0,0,0,0,0,0,0,0,0,0,1,0,18169
20191105,12.4,8.4,18.4,0,0,0,0,0,0,0,0,0,0,0,0,1,0,39875
20191106,11,6.3,16.5,0,0,0,0,0,0,0,0,0,0,0,0,1,0,55307
20191107,9.2,5,13.6,0,0,0,0,0,0,0,0,0,0,0,0,1,0,49784
20191108,6.8,1.1,13,0,1.1,0,0,0,0,0,0,0,0,0,0,1,0,49674
20191109,9.5,3.5,17.2,0,1.2,0,0,0,0,0,0,0,0,0,0,1,0,93618
20191110,10,6.2,15.3,11.8,1,0,0,0,0,0,0,0,0,0,0,1,0,73046
20191111,11.2,7.9,15.1,1.1,0,0,0,0,0,0,0,0,0,0,0,1,0,15830
20191112,9.3,4.8,14.5,0,0,0,0,0,0,0,0,0,0,0,0,1,0,37054
20191113,7.2,3,11.3,7.5,0,0,0,0,0,0,0,0,0,0,0,1,0,26886
20191114,1.3,-2.5,5,0,0,0,0,0,0,0,0,0,0,0,0,1,0,34917
20191115,5.6,1.4,7.6,18.8,1.1,0,0,0,0,0,0,0,0,0,0,1,0,25034
20191116,6.8,3.8,12.7,0,1.2,0,0,0,0,0,0,0,0,0,0,1,0,75466
20191117,8.3,5.6,10.5,21.1,1,0,0,0,0,0,0,0,0,0,0,1,0,30365
20191118,4.6,0.4,12.7,14.7,0,0,0,0,0,0,0,0,0,0,0,1,0,14381
20191119,0.2,-3.5,4,0,0,0,0,0,0,0,0,0,0,0,0,1,0,19490
20191120,0.5,-4.6,6.3,0,0,0,0,0,0,0,0,0,0,0,0,1,0,31035
20191121,4.2,-2.3,9,0,0,0,0,0,0,0,0,0,0,0,0,1,0,31590
20191122,9.7,3,17.3,0,1.1,0,0,0,0,0,0,0,0,0,0,1,0,37609
20191123,12.1,7.7,17.7,0,1.2,0,0,0,0,0,0,0,0,0,0,1,0,65500
20191124,9.8,4.6,15.6,3.8,1,0,0,0,0,0,0,0,0,0,0,1,0,38963
20191125,1.9,-1.2,6,0,0,0,0,0,0,0,0,0,0,0,0,1,0,13094
20191126,6.6,1.2,13.7,0,0,0,0,0,0,0,0,0,0,0,0,1,0,24508
20191127,3.1,0.3,6.8,0,0,0,0,0,0,0,0,0,0,0,0,1,0,47413
20191128,3.5,-0.6,10.4,0,0,0,0,0,0,0,0,0,0,0,0,1,0,32582
20191129,1.5,-3.4,6.9,0,1.1,0,0,0,0,0,0,0,0,0,0,1,0,31753
20191130,4.1,-1.4,9.3,0,1.2,0,0,0,0,0,0,0,0,0,0,1,0,48466
20191201,4.6,2.3,6.2,3.3,1,0,0,0,0,0,0,0,0,0,0,0,1,22289
20191202,-0.1,-3.2,2.8,0,0,0,0,0,0,0,0,0,0,0,0,0,1,12646
20191203,0.5,-5,4.2,0.6,0,0,0,0,0,0,0,0,0,0,0,0,1,15069
20191204,2,-2,7.2,0,0,0,0,0,0,0,0,0,0,0,0,0,1,22722
20191205,-4.4,-8.5,-0.2,0,0,0,0,0,0,0,0,0,0,0,0,0,1,20780
20191206,-5.9,-10.6,-1,0,1.1,0,0,0,0,0,0,0,0,0,0,0,1,19569
20191207,-2.4,-5.5,1.2,0.1,1.2,0,0,0,0,0,0,0,0,0,0,0,1,32668
20191208,-0.9,-5.5,4.9,0,1,0,0,0,0,0,0,0,0,0,0,0,1,33941
20191209,3.2,-1.3,8,0,0,0,0,0,0,0,0,0,0,0,0,0,1,11661
20191210,8.1,6,10.8,1.7,0,0,0,0,0,0,0,0,0,0,0,0,1,12321
20191211,6.3,0.1,9.8,0.2,0,0,0,0,0,0,0,0,0,0,0,0,1,21812
20191212,-0.7,-3.5,3.4,0,0,0,0,0,0,0,0,0,0,0,0,0,1,22782
20191213,2.1,-3.7,5.9,1,1.1,0,0,0,0,0,0,0,0,0,0,0,1,23939
20191214,2.7,-0.1,6.4,0,1.2,0,0,0,0,0,0,0,0,0,0,0,1,39565
20191215,5.3,0.4,11,0,1,0,0,0,0,0,0,0,0,0,0,0,1,39481
20191216,7.8,2.1,12.9,0,0,0,0,0,0,0,0,0,0,0,0,0,1,13577
20191217,7.7,3.2,10.2,9.8,0,0,0,0,0,0,0,0,0,0,0,0,1,11778
20191218,0.8,-1.7,5.2,0,0,0,0,0,0,0,0,0,0,0,0,0,1,25502
20191219,-0.8,-4.5,3.1,0,0,0,0,0,0,0,0,0,0,0,0,0,1,22022
20191220,-1.1,-3.5,2,0,1.1,0,0,0,0,0,0,0,0,0,0,0,1,23479
20191221,-1.2,-5.1,1.5,0.6,1.2,0,0,0,0,0,0,0,0,0,0,0,1,28714
20191222,4.1,0.3,8.4,0.3,1,0,0,0,0,0,0,0,0,0,0,0,1,35339
20191223,3.4,0.3,5.2,2.9,0,0,0,0,0,0,0,0,0,0,0,0,1,13257
20191224,0.8,-2.9,6.5,0,0,0,0,0,0,0,0,0,0,0,0,0,1,15806
20191225,2,-2.7,6.6,0,1.2,0,0,0,0,0,0,0,0,0,0,0,1,56553
20191226,2,-2.4,4.1,0.3,0,0,0,0,0,0,0,0,0,0,0,0,1,21014
20191227,-1.7,-4.6,2.6,0,1.1,0,0,0,0,0,0,0,0,0,0,0,1,23904
20191228,1.1,-3.6,6.1,0,1.2,0,0,0,0,0,0,0,0,0,0,0,1,40260
20191229,3.8,1.1,6.2,1.4,1,0,0,0,0,0,0,0,0,0,0,0,1,36583
20191230,2.7,-5.7,6.8,0.4,0,0,0,0,0,0,0,0,0,0,0,0,1,17645
20191231,-7.9,-10.9,-4.5,0,0,0,0,0,0,0,0,0,0,0,0,0,1,16941
20200101,-2.2,-6.5,0.3,0.1,1.2,1,0,0,0,0,0,0,0,0,0,0,0,36657
20200102,1,-0.7,3.8,0,0,1,0,0,0,0,0,0,0,0,0,0,0,20265
20200103,-0.1,-3.4,4.6,0,1.1,1,0,0,0,0,0,0,0,0,0,0,0,20500
20200104,1.2,-2.8,6.1,0,1.2,1,0,0,0,0,0,0,0,0,0,0,0,32991
20200105,1.3,-3.2,6.6,0,1,1,0,0,0,0,0,0,0,0,0,0,0,29027
20200106,3.1,0.6,4.6,1.8,0,1,0,0,0,0,0,0,0,0,0,0,0,6410
20200107,6.3,4.2,7.7,46.3,0,1,0,0,0,0,0,0,0,0,0,0,0,4753
20200108,2.4,-0.4,8.9,11.6,0,1,0,0,0,0,0,0,0,0,0,0,0,17242
20200109,-1.2,-3.1,2,0,0,1,0,0,0,0,0,0,0,0,0,0,0,17995
20200110,-0.6,-4.3,4.2,0,1.1,1,0,0,0,0,0,0,0,0,0,0,0,19933
20200111,-0.1,-2.6,3.9,0,1.2,1,0,0,0,0,0,0,0,0,0,0,0,30204
20200112,-1,-3.5,2.8,0,1,1,0,0,0,0,0,0,0,0,0,0,0,30067
20200113,-2.9,-4.7,0.2,0,0,1,0,0,0,0,0,0,0,0,0,0,0,8850
20200114,-2.3,-5.7,2.6,0,0,1,0,0,0,0,0,0,0,0,0,0,0,12045
20200115,-2.7,-6.4,2.2,0,0,1,0,0,0,0,0,0,0,0,0,0,0,18337
20200116,-1.7,-5.5,3.2,0,0,1,0,0,0,0,0,0,0,0,0,0,0,18489
20200117,-0.6,-4.8,4.9,0,1.1,1,0,0,0,0,0,0,0,0,0,0,0,19435
20200118,0.3,-4.1,5.9,0,1.2,1,0,0,0,0,0,0,0,0,0,0,0,32975
20200119,1.9,-0.4,5.3,0.6,1,1,0,0,0,0,0,0,0,0,0,0,0,27107
20200120,0.7,-3.3,5.5,0,0,1,0,0,0,0,0,0,0,0,0,0,0,10142
20200121,-0.4,-5.6,5.5,0,0,1,0,0,0,0,0,0,0,0,0,0,0,11720
20200122,3,-0.1,7.8,0,0,1,0,0,0,0,0,0,0,0,0,0,0,15412
20200123,4.6,0,9.9,0,1.1,1,0,0,0,0,0,0,0,0,0,0,0,14730
20200124,2.8,-1.3,7.4,0,1.2,1,0,0,0,0,0,0,0,0,0,0,0,45930
20200125,4.3,0.6,8.8,0,1.2,1,0,0,0,0,0,0,0,0,0,0,0,111096
20200126,5.5,-0.2,11.9,0,1.2,1,0,0,0,0,0,0,0,0,0,0,0,104638
20200127,5.9,4.8,7.5,0.1,1.1,1,0,0,0,0,0,0,0,0,0,0,0,56951
20200128,6.8,4.3,9.9,0,0,1,0,0,0,0,0,0,0,0,0,0,0,10158
20200129,6,3.2,9.6,0,0,1,0,0,0,0,0,0,0,0,0,0,0,28457
20200130,5.2,1.4,10.4,0,0,1,0,0,0,0,0,0,0,0,0,0,0,17187
20200131,3.9,1.4,8.9,0,1.1,1,0,0,0,0,0,0,0,0,0,0,0,14967
20200201,2.6,-1.2,7.6,0,1.2,0,1,0,0,0,0,0,0,0,0,0,0,18486
20200202,1.5,-2.1,5.3,0,1,0,1,0,0,0,0,0,0,0,0,0,0,17912
20200203,-0.4,-2.9,3,0,0,0,1,0,0,0,0,0,0,0,0,0,0,5063
20200204,-1.6,-6,3.9,1.7,0,0,1,0,0,0,0,0,0,0,0,0,0,8452
20200205,-8.3,-11,-4.9,0,0,0,1,0,0,0,0,0,0,0,0,0,0,8915
20200206,-6.4,-11.8,0.4,0,0,0,1,0,0,0,0,0,0,0,0,0,0,9619
20200207,-1.7,-7.2,2.2,0,1.1,0,1,0,0,0,0,0,0,0,0,0,0,10755
20200208,-0.1,-2.3,3.7,0,1.2,0,1,0,0,0,0,0,0,0,0,0,0,17618
20200209,-0.5,-5.6,4.1,0,1,0,1,0,0,0,0,0,0,0,0,0,0,20108
20200210,4,-0.7,9.6,0,0,0,1,0,0,0,0,0,0,0,0,0,0,5875
20200211,6.8,-0.5,14.6,0,0,0,1,0,0,0,0,0,0,0,0,0,0,12248
20200212,7.4,6.5,8.2,6.7,0,0,1,0,0,0,0,0,0,0,0,0,0,5835
20200213,6.5,4.9,8.7,0,0,0,1,0,0,0,0,0,0,0,0,0,0,13633
20200214,8.1,3.2,14.7,0,1.1,0,1,0,0,0,0,0,0,0,0,0,0,16153
20200215,9.8,6.2,15.6,2,1.2,0,1,0,0,0,0,0,0,0,0,0,0,21641
20200216,-1.4,-4.3,7.7,13.4,1,0,1,0,0,0,0,0,0,0,0,0,0,13999
20200217,-5.9,-7.1,-3.9,1,0,0,1,0,0,0,0,0,0,0,0,0,0,4539
20200218,-4.1,-8.3,1.3,0,0,0,1,0,0,0,0,0,0,0,0,0,0,8379
20200219,1,-4.4,6.4,0,0,0,1,0,0,0,0,0,0,0,0,0,0,12698
20200220,4.6,-0.6,10.8,0,0,0,1,0,0,0,0,0,0,0,0,0,0,13570
20200221,6.7,2.1,10.9,4.2,1.1,0,1,0,0,0,0,0,0,0,0,0,0,9754
20200222,4,0,7.9,3.1,1.2,0,1,0,0,0,0,0,0,0,0,0,0,10683
20200223,2.5,-2.5,8,0,1,0,1,0,0,0,0,0,0,0,0,0,0,18418
20200224,7,0.8,12.2,0,0,0,1,0,0,0,0,0,0,0,0,0,0,2995
20200225,6.7,4.7,9.4,16.6,0,0,1,0,0,0,0,0,0,0,0,0,0,3295
20200226,6.4,2.8,10.4,0,0,0,1,0,0,0,0,0,0,0,0,0,0,16717
20200227,6.1,1.3,12.5,0,0,0,1,0,0,0,0,0,0,0,0,0,0,12500
20200228,4.5,3.6,5.9,3.9,1.1,0,1,0,0,0,0,0,0,0,0,0,0,3256
20200301,7.7,4.5,13,0.5,1.2,0,0,1,0,0,0,0,0,0,0,0,0,17852
20200302,5.8,3.2,10.1,0.2,1,0,0,1,0,0,0,0,0,0,0,0,0,12445
20200303,3.4,0,7.6,0,0,0,0,1,0,0,0,0,0,0,0,0,0,941
20200304,4.8,0.3,10.5,0,0,0,0,1,0,0,0,0,0,0,0,0,0,9665
20200305,2.2,-1.3,4.6,0,0,0,0,1,0,0,0,0,0,0,0,0,0,6461
20200306,1.4,-2.8,6.3,0,0,0,0,1,0,0,0,0,0,0,0,0,0,9765
20200307,3.7,-2.5,10.1,0,1.1,0,0,1,0,0,0,0,0,0,0,0,0,11098
20200308,7,1.3,14.2,0,1.2,0,0,1,0,0,0,0,0,0,0,0,0,17917
20200309,9.3,2.3,16.9,0,1,0,0,1,0,0,0,0,0,0,0,0,0,26959
20200310,11.1,4.8,17.6,0,0,0,0,1,0,0,0,0,0,0,0,0,0,1104
20200311,6.4,3.2,10.8,11.8,0,0,0,1,0,0,0,0,0,0,0,0,0,2443
20200312,3.8,0,8.3,0,0,0,0,1,0,0,0,0,0,0,0,0,0,12291
20200313,6.8,0.2,13.3,0,0,0,0,1,0,0,0,0,0,0,0,0,0,12471
20200314,4.9,-0.1,8.7,0.5,1.1,0,0,1,0,0,0,0,0,0,0,0,0,11024
20200315,3.6,-2.7,8.6,0,1.2,0,0,1,0,0,0,0,0,0,0,0,0,21050
20200316,4,0.2,8.5,0,1,0,0,1,0,0,0,0,0,0,0,0,0,17980
20200317,3.6,-2.1,9.1,0,0,0,0,1,0,0,0,0,0,0,0,0,0,1042
20200318,6.6,3.1,12.3,0,0,0,0,1,0,0,0,0,0,0,0,0,0,8473
20200319,10,2.7,17,0,0,0,0,1,0,0,0,0,0,0,0,0,0,16212
20200320,9.1,5.8,12.1,0,0,0,0,1,0,0,0,0,0,0,0,0,0,4649
20200321,8.8,3.1,14,0,1.1,0,0,1,0,0,0,0,0,0,0,0,0,15580
20200322,12.8,7.9,19.5,0,1.2,0,0,1,0,0,0,0,0,0,0,0,0,28341
20200323,11,6.1,16.5,0,1,0,0,1,0,0,0,0,0,0,0,0,0,37216
20200324,10.6,5.4,17,0,0,0,0,1,0,0,0,0,0,0,0,0,0,1421
20200325,11.4,5.3,17.9,0,0,0,0,1,0,0,0,0,0,0,0,0,0,18040
20200326,12.5,6.1,19.2,0,0,0,0,1,0,0,0,0,0,0,0,0,0,30564
20200327,14.8,8.1,20.6,1.8,0,0,0,1,0,0,0,0,0,0,0,0,0,14140
20200328,11.9,6.7,15.8,2,1.1,0,0,1,0,0,0,0,0,0,0,0,0,15628
20200329,7.7,4.5,12.8,0,1.2,0,0,1,0,0,0,0,0,0,0,0,0,30334
20200330,8.7,1.3,16.1,0,1,0,0,1,0,0,0,0,0,0,0,0,0,38151
20200331,10.2,4.3,16.9,0,0,0,0,1,0,0,0,0,0,0,0,0,0,1850
20200401,11.9,4.7,18.6,0,0,0,0,0,1,0,0,0,0,0,0,0,0,19463
20200402,11.3,6,17.4,0,0,0,0,0,1,0,0,0,0,0,0,0,0,18257
20200403,9.3,3.4,15.5,0,0,0,0,0,1,0,0,0,0,0,0,0,0,20242
20200404,10,5.3,16.3,0,1.1,0,0,0,1,0,0,0,0,0,0,0,0,20730
20200405,8.9,5,13.3,0,1.2,0,0,0,1,0,0,0,0,0,0,0,0,32049
20200406,7.2,1.9,13.7,0,1,0,0,0,1,0,0,0,0,0,0,0,0,35489
20200407,9.3,2.9,16.1,0,0,0,0,0,1,0,0,0,0,0,0,0,0,1563
20200408,10.6,6,16.8,0,0,0,0,0,1,0,0,0,0,0,0,0,0,17343
20200409,9.4,5.2,14.2,0,0,0,0,0,1,0,0,0,0,0,0,0,0,17931
20200410,8.9,4.3,14.7,0,0,0,0,0,1,0,0,0,0,0,0,0,0,17742
20200411,10.7,5.8,16.8,0,1.1,0,0,0,1,0,0,0,0,0,0,0,0,17577
20200412,9.9,6.2,16,0,1.2,0,0,0,1,0,0,0,0,0,0,0,0,30117
20200413,9.9,4.4,15.6,0,1,0,0,0,1,0,0,0,0,0,0,0,0,28359
20200414,12.4,4.3,20.4,0,0,0,0,0,1,0,0,0,0,0,0,0,0,1683
20200415,13,7.6,19.6,0,0,0,0,0,1,0,0,0,0,0,0,0,0,17806
20200416,13.2,7.2,20.2,0,0,0,0,0,1,0,0,0,0,0,0,0,0,32999
20200417,16,8.9,23.8,0,0,0,0,0,1,0,0,0,0,0,0,0,0,16608
20200418,12.5,10.4,15.4,6.5,1.1,0,0,0,1,0,0,0,0,0,0,0,0,4678
20200419,13.5,8.5,19.6,0,1.2,0,0,0,1,0,0,0,0,0,0,0,0,41283
20200420,12.3,9.5,15.5,10.3,1,0,0,0,1,0,0,0,0,0,0,0,0,16943
20200421,10,7.6,13.1,0.1,0,0,0,0,1,0,0,0,0,0,0,0,0,698
20200422,7.4,4.8,10.4,0,0,0,0,0,1,0,0,0,0,0,0,0,0,9510
20200423,6,4.1,8.3,0,0,0,0,0,1,0,0,0,0,0,0,0,0,6547
20200424,7.9,2.9,12.8,0,0,0,0,0,1,0,0,0,0,0,0,0,0,12375
20200425,9.9,4.1,14.3,0,1.1,0,0,0,1,0,0,0,0,0,0,0,0,13923
20200426,13.1,9.9,17.1,0,1.2,0,0,0,1,0,0,0,0,0,0,0,0,29744
20200427,12.3,6.8,19,0,1,0,0,0,1,0,0,0,0,0,0,0,0,41474
20200428,12.9,8.7,18.3,0,0,0,0,0,1,0,0,0,0,0,0,0,0,1688
20200429,13.9,7.8,19.9,0,1.1,0,0,0,1,0,0,0,0,0,0,0,0,16098
20200430,14.9,9.3,21,0,1.2,0,0,0,1,0,0,0,0,0,0,0,0,32397
20200501,17.1,9.3,23.4,0,1.2,0,0,0,0,1,0,0,0,0,0,0,0,47850
20200502,20.2,16.4,26.2,0,1.1,0,0,0,0,1,0,0,0,0,0,0,0,39740
20200503,20.3,18,23.9,0,1.2,0,0,0,0,1,0,0,0,0,0,0,0,38926
20200504,21.8,17,27.4,0,1.2,0,0,0,0,1,0,0,0,0,0,0,0,36502
20200505,20.2,14.8,25.3,0,1.2,0,0,0,0,1,0,0,0,0,0,0,0,4019
20200506,16,13.1,19.3,0,1,0,0,0,0,1,0,0,0,0,0,0,0,33963
20200507,19.4,11.1,27.6,0,0,0,0,0,0,1,0,0,0,0,0,0,0,15210
20200508,20.7,14.9,26.5,0,0,0,0,0,0,1,0,0,0,0,0,0,0,15742
20200509,19.9,14.3,27.3,0,1.1,0,0,0,0,1,0,0,0,0,0,0,0,14697
20200510,14.2,12.7,16.8,24.4,1.2,0,0,0,0,1,0,0,0,0,0,0,0,7052
20200511,14.4,12.8,16.6,1.3,1,0,0,0,0,1,0,0,0,0,0,0,0,25784
20200512,16.5,12.4,22,3.4,0,0,0,0,0,1,0,0,0,0,0,0,0,1623
20200513,14.3,10.5,18.9,0.7,0,0,0,0,0,1,0,0,0,0,0,0,0,12158
20200514,16.1,10.2,21.8,0,0,0,0,0,0,1,0,0,0,0,0,0,0,17376
20200515,19.3,12.4,25.4,0,0,0,0,0,0,1,0,0,0,0,0,0,0,15029
20200516,16.1,14.1,20.2,12,1.1,0,0,0,0,1,0,0,0,0,0,0,0,4559
20200517,16.7,15,20.3,2.5,1.2,0,0,0,0,1,0,0,0,0,0,0,0,24077
20200518,19.1,14.6,24.9,0,1,0,0,0,0,1,0,0,0,0,0,0,0,32550
20200519,19.1,13.2,26.8,29.8,0,0,0,0,0,1,0,0,0,0,0,0,0,899
20200520,13,10.1,17.1,19,0,0,0,0,0,1,0,0,0,0,0,0,0,9254
20200521,14.4,9.2,20.1,0,0,0,0,0,0,1,0,0,0,0,0,0,0,18059
20200522,17.4,10.9,22.9,0,0,0,0,0,0,1,0,0,0,0,0,0,0,18408
20200523,18.5,14.8,22.7,0,1.1,0,0,0,0,1,0,0,0,0,0,0,0,17337
20200524,20.1,16.6,25,0,1.2,0,0,0,0,1,0,0,0,0,0,0,0,36164
20200525,17.1,14.3,20.2,14.5,1,0,0,0,0,1,0,0,0,0,0,0,0,27810
20200526,16.6,13.7,21.3,0,0,0,0,0,0,1,0,0,0,0,0,0,0,1640
20200527,16.2,12.7,22.9,1.5,0,0,0,0,0,1,0,0,0,0,0,0,0,13557
20200528,17.4,11.8,23.9,0,0,0,0,0,0,1,0,0,0,0,0,0,0,31639
20200529,18.7,14.2,23.4,0,0,0,0,0,0,1,0,0,0,0,0,0,0,17111
20200530,20.7,14.6,27.6,0,1.1,0,0,0,0,1,0,0,0,0,0,0,0,14941
